place,x,y,n,precise,formation,occ,in_area,km_to_units,has_feats,slope,relief,tpi300,tpi1000,north,ndvi,bsi,carb,iron,dist_unit
1,448701.2643243722,4303256.503037845,3,True,Luning,"908629,1419479,1419480",True,0.0,True,8.253485679626465,21.98033332824707,-10.688422203063965,-48.31643295288086,0.8778986930847168,0.23181284964084625,0.11106248199939728,1.1553221940994263,1.8441189527511597,0.0
2,408718.9430361297,4254259.9580185795,2,True,Luning,"900174,900219",False,2.85,True,5.122246265411377,10.66091537475586,5.726779460906982,-8.21237564086914,-0.4174146056175232,0.09925659000873566,0.1071723997592926,1.0819700956344604,1.50132417678833,2865.8505859375
3,411198.83552264434,4250908.867973717,1,True,Luning,900302,True,0.0,True,30.846899032592773,76.31446838378906,-0.4985622465610504,-34.5289306640625,-0.8186080455780029,0.12699589133262634,0.12369368225336075,1.0707149505615234,1.5455906391143799,0.0
4,405546.4507068137,4260406.51105901,1,True,Gabbs,714514,True,0.0,True,18.744529724121094,47.59511947631836,-12.934407234191895,-13.45241928100586,0.528035581111908,0.15198004245758057,0.1293071061372757,1.0590813159942627,1.6100857257843018,0.0
5,524185.2370596733,4427795.657051076,2,False,,"906286,906287",False,38.92,False,,,,,,,,,,
6,452334.3008650844,4434473.719557534,2,True,Favret,"908660,1504406",True,0.18,True,7.695713996887207,20.76699447631836,-12.56093978881836,-54.422119140625,-0.8671604990959167,0.22579671442508698,0.15284734964370728,1.188862919807434,1.540505290031433,191.322998046875
7,454009.99565977097,4433368.851451905,2,True,Favret,"909076,1095497",True,0.0,True,28.081525802612305,62.05281448364258,-37.93378448486328,-139.25180053710938,0.17917926609516144,0.19516019523143768,0.14742901921272278,1.1404094696044922,1.4391909837722778,0.0
8,451652.95067657204,4431610.6537441285,1,False,Favret,1419160,True,0.0,True,28.072505950927734,71.08699798583984,58.28793716430664,62.65082550048828,-0.19475683569908142,0.13653090596199036,0.13411347568035126,1.0844476222991943,1.4317177534103394,0.0
9,453954.03564674687,4428050.723071795,1,True,Favret,1417529,True,0.0,True,11.808710098266602,38.4449348449707,41.09372329711914,101.58970642089844,0.17636476457118988,0.30876031517982483,0.03142333775758743,1.156775951385498,1.4291303157806396,0.0
10,446069.33531927806,4452922.944959194,1,True,Favret,908661,True,0.66,True,11.292442321777344,25.27998924255371,13.48291015625,5.87147331237793,-0.11913705617189407,0.12395960837602615,0.11739839613437653,1.1640896797180176,1.4430383443832397,663.1746826171875
11,389246.63510025165,4443365.776837021,5,False,Prida,"467069,467070,467071,467073,467074",False,2.78,True,7.820430278778076,20.75309181213379,-4.904852867126465,-30.94700813293457,0.9625771045684814,0.15514861047267914,0.1433044821023941,1.095995306968689,1.4348673820495605,2778.6328125
12,406858.57443477283,4489170.459337806,2,True,,"906313,906314",False,2.31,True,4.709957122802734,13.780829429626465,-1.0372586250305176,-0.6372341513633728,0.41522571444511414,0.14893582463264465,0.1639733463525772,1.3794748783111572,1.845208764076233,2299.58642578125
13,408539.2642122669,4459143.875134466,2,True,Prida,"1412645,1412647",True,0.0,True,14.418970108032227,34.5411376953125,21.8956298828125,23.76972198486328,0.7710089087486267,0.08525124937295914,0.10679110139608383,1.1077507734298706,1.3634892702102661,0.0
14,403549.50896369724,4473403.947920147,1,True,,934002,False,1.03,True,21.476680755615234,51.97422790527344,-5.089640140533447,-46.84690856933594,0.9865460991859436,0.14534948766231537,0.18657857179641724,1.2993037700653076,1.7318490743637085,1046.8524169921875
15,454243.27589017723,4381124.191305202,1,True,,1186493,False,4.14,True,18.88201141357422,43.39211654663086,-21.793498992919922,-38.16913604736328,0.3234606683254242,0.1520352065563202,0.1312238574028015,1.109092354774475,1.6402990818023682,4145.9375
16,725565.5199183588,4572505.951053189,1,True,,1583679,False,1.31,True,21.871313095092773,52.9989013671875,17.92076301574707,58.61477279663086,-0.9227179884910583,0.19593870639801025,0.1533190757036209,1.209549069404602,1.5523988008499146,1321.5899658203125
