occ,formation,lat,lng,prec,on_unit,nearest_TR,km
467069,Prida,40.133331,-118.300003,minutes,Qal:Qal,JTRa,2.79
467070,Prida,40.133331,-118.300003,minutes,Qal:Qal,JTRa,2.79
467071,Prida,40.133331,-118.300003,minutes,Qal:Qal,JTRa,2.79
467073,Prida,40.133331,-118.300003,minutes,Qal:Qal,JTRa,2.79
467074,Prida,40.133331,-118.300003,minutes,Qal:Qal,JTRa,2.79
714514,Gabbs,38.487000,-118.083000,3,TRJ:WPL,TRJ,0.0
900174,Luning,38.431946,-118.045830,seconds,Qal:Ts3,TRl,2.85
900219,Luning,38.431946,-118.045830,seconds,Qal:Ts3,TRl,2.85
900302,Luning,38.402000,-118.016998,3,TRl:WLB,TRl,0.0
906286,,40.000000,-116.716667,minutes,Dl:Dc,TRls,10.46
906287,,40.000000,-116.716667,minutes,Dl:Dc,TRls,10.46
906313,,40.548058,-118.099998,seconds,Qal:QToa,TRl,0.37
906314,,40.548058,-118.099998,seconds,Qal:QToa,TRl,0.37
908629,Luning,38.876667,-117.591393,seconds,TRl:WLB,TRl,0.0
908660,Favret,40.059166,-117.558891,seconds,Qal:Qal,TRf,0.17
908661,Favret,40.224998,-117.633888,seconds,TRk:TRkv,TRk,0.0
909076,Favret,40.048611,-117.538330,seconds,TRf:TRc,TRf,0.0
934002,,40.405666,-118.136673,6,TRro:TRkv,TRro,0.0
1095497,Favret,40.049999,-117.540001,2,TRf:TRc,TRf,0.0
1186493,,39.578609,-117.532784,5,Tru:Tt2,TRa,4.15
1412645,Prida,40.277779,-118.075836,seconds,TRnp:TRc,TRnp,0.0
1412647,Prida,40.277779,-118.075836,seconds,TRnp:TRc,TRnp,0.0
1417529,Favret,40.001389,-117.539444,seconds,TRcs:TRc,TRcs,0.0
1419160,Favret,40.033333,-117.566666,minutes,TRca:TRc,TRca,0.0
1419479,Luning,38.876667,-117.591393,seconds,TRl:WLB,TRl,0.0
1419480,Luning,38.876667,-117.591393,seconds,TRl:WLB,TRl,0.0
1504406,Favret,40.059166,-117.558891,seconds,Qal:Qal,TRf,0.17
1583679,,41.272499,-114.306946,seconds,Pgp:Pc,TRs,1.31
