rank,lat,lon,x,y,percentile,land,tierA,km_known,slope,relief,tpi300,tpi1000,north,ndvi,bsi,carb,iron,dist_unit,unit
1,40.51515,-118.99304,331155.0,4486845.0,1.0,BLM,False,72.6,11.733,35.252,-8.058,-36.382,0.101,0.128,0.114,1.119,1.443,0.0,"Auld Lang Syne Group; slate, phyll., hornf., qtzit"
2,40.53516,-119.00815,329925.0,4489095.0,1.0,BLM,False,74.9,11.501,36.112,-26.593,-53.392,-0.013,0.152,0.121,1.156,1.442,0.0,"Auld Lang Syne Group; slate, phyll., hornf., qtzit"
3,40.49117,-118.80826,346755.0,4483845.0,1.0,BLM,False,57.7,17.595,46.635,-12.647,-39.328,0.074,0.225,0.138,1.138,1.599,0.0,"Auld Lang Syne Group; slate, phyll., hornf., qtzit"
4,40.48786,-118.8464,343515.0,4483545.0,1.0,BLM,False,60.9,15.493,36.452,-12.019,-60.863,0.251,0.171,0.125,1.145,1.544,0.0,"Auld Lang Syne Group; slate, phyll., hornf., qtzit"
5,40.47768,-118.80684,346845.0,4482345.0,1.0,BLM,False,57.4,12.56,36.475,-11.293,-46.702,-0.648,0.184,0.118,1.114,1.551,0.0,"Auld Lang Syne Group; slate, phyll., hornf., qtzit"
6,40.50504,-118.78491,348765.0,4485345.0,1.0,BLM,False,56.1,22.178,49.436,-11.545,-36.343,0.179,0.207,0.146,1.144,1.575,0.0,"Auld Lang Syne Group; slate, phyll., hornf., qtzit"
7,40.54533,-118.74808,351975.0,4489755.0,1.0,BLM,False,54.1,16.829,44.482,-12.579,-57.896,0.33,0.224,0.128,1.132,1.576,184.142,within 300 m of mapped unit
8,40.3906,-118.57017,366735.0,4472295.0,1.0,BLM,False,36.7,13.931,36.114,-22.665,-66.104,0.508,0.22,0.114,1.154,1.443,0.0,"Auld Lang Syne Group; slate, phyll., hornf., qtzit"
9,40.32196,-118.48807,373575.0,4464555.0,1.0,BLM,False,26.4,13.07,32.868,-27.177,-50.067,-0.086,0.158,0.122,1.105,1.442,0.0,"Auld Lang Syne Group; slate, phyll., hornf., qtzit"
10,38.46129,-118.32115,384735.0,4257825.0,1.0,BLM,True,21.0,15.222,40.994,-24.875,-63.967,0.086,0.158,0.126,1.159,1.44,0.0,"Luning form.; limestone, dolomite, shale"
11,40.48508,-118.1416,403245.0,4482225.0,1.0,BLM,True,7.8,15.404,44.526,-10.749,-36.38,0.536,0.202,0.145,1.137,1.599,0.0,"Prida Form.; shale, siltst., limest., sandst., dol"
12,40.46383,-118.13169,404055.0,4479855.0,1.0,BLM,True,6.5,15.114,36.338,-18.816,-64.017,-0.321,0.201,0.127,1.139,1.566,0.0,"Prida Form.; shale, siltst., limest., sandst., dol"
13,38.39096,-117.99696,412935.0,4249665.0,1.0,BLM,True,2.1,18.978,49.94,-11.505,-82.501,-0.451,0.161,0.116,1.133,1.694,0.0,"Luning form.; limestone, dolomite, shale"
14,38.38793,-117.9715,415155.0,4249305.0,1.0,BLM,True,4.3,13.458,47.109,-11.848,-35.452,-0.029,0.156,0.114,1.111,1.622,0.0,"Luning form.; limestone, dolomite, shale"
15,38.4916,-117.98906,413745.0,4260825.0,1.0,BLM,True,8.2,15.156,39.008,-12.468,-46.083,-0.068,0.201,0.113,1.149,1.562,0.0,"Luning form.; limestone, dolomite, shale"
16,40.00292,-118.02528,412485.0,4428585.0,1.0,BLM,False,27.5,19.457,49.954,-35.34,-46.512,0.462,0.174,0.121,1.149,1.441,0.0,"Auld Lang Syne Group; slate, phyll., hornf., qtzit"
17,40.03056,-117.84954,427515.0,4431495.0,1.0,BLM,True,24.1,22.881,60.447,-16.224,-35.705,0.196,0.207,0.121,1.16,1.442,0.0,"Natchez Pass Form.; limest., dolomite mafic"
18,40.1761,-117.83303,429075.0,4447635.0,1.0,BLM,True,17.8,12.872,40.002,-31.19,-63.837,-0.108,0.167,0.116,1.159,1.44,0.0,"Natchez Pass Form.; limestone, clastic rocks"
19,40.13545,-117.84768,427785.0,4443135.0,1.0,BLM,True,20.7,15.783,41.147,-18.509,-51.747,0.339,0.141,0.115,1.14,1.44,0.0,"Natchez Pass Form.; limest., dolomite mafic"
20,39.83958,-117.66591,443025.0,4410165.0,1.0,BLM,False,21.0,16.622,36.528,-11.279,-41.698,0.197,0.191,0.115,1.109,1.439,0.0,upper subunit
21,40.18528,-117.79544,432285.0,4448625.0,1.0,BLM,False,14.4,13.805,36.9,-18.765,-51.414,0.661,0.202,0.122,1.139,1.559,0.0,"Dun Glen Frm; limestone, dolomite, sandst, argill"
22,40.00039,-117.56836,451485.0,4427955.0,1.0,BLM,True,2.5,19.895,48.59,-24.626,-43.145,0.752,0.171,0.113,1.11,1.443,0.0,Augusta Mountain Formation
23,39.97306,-117.5734,451035.0,4424925.0,1.0,BLM,True,4.3,15.987,49.676,-24.693,-39.066,-0.002,0.168,0.133,1.124,1.442,0.0,Cane Spring Formation
24,39.96829,-117.55369,452715.0,4424385.0,1.0,BLM,True,3.9,14.763,39.598,-0.261,-39.473,0.619,0.134,0.111,1.111,1.44,0.0,Cane Spring Formation
25,40.01393,-117.5625,451995.0,4429455.0,1.0,BLM,True,2.2,20.07,49.959,-11.199,-34.996,0.832,0.2,0.129,1.125,1.665,0.0,"Cane Sp., Augusta Mtn. Frm.; limest., dolom., shal"
26,40.01193,-117.58392,450165.0,4429245.0,1.0,BLM,True,2.8,15.388,43.613,-15.447,-36.06,0.253,0.154,0.132,1.125,1.44,0.0,"Cane Sp., Augusta Mtn. Frm.; limest., dolom., shal"
27,40.30533,-117.6101,448155.0,4461825.0,1.0,BLM,False,9.1,13.358,36.758,-30.614,-53.38,-0.083,0.186,0.123,1.131,1.441,0.0,"Dun Glen Frm; limestone, dolomite, sandst, argill"
28,40.29242,-117.59763,449205.0,4460385.0,1.0,BLM,False,8.1,12.901,43.395,-12.753,-43.164,0.461,0.209,0.112,1.157,1.551,0.0,"Winnemucca Frm; Sandst, calstics, limest, dolomite"
29,40.26347,-117.60337,448695.0,4457175.0,1.0,BLM,True,5.0,19.295,55.247,-10.822,-41.705,0.63,0.208,0.123,1.15,1.548,0.0,"Natchez Pass Form.; limest., dolomite mafic"
30,40.26199,-117.57443,451155.0,4456995.0,1.0,BLM,True,6.5,17.563,43.332,-17.602,-36.136,0.662,0.226,0.113,1.123,1.565,0.0,"Natchez Pass Form.; limest., dolomite mafic"
31,40.24692,-117.61521,447675.0,4455345.0,1.0,BLM,True,2.9,16.573,45.755,-26.07,-56.502,0.762,0.211,0.115,1.125,1.443,0.0,"Natchez Pass Form.; limest., dolomite mafic"
32,40.24335,-117.57427,451155.0,4454925.0,1.0,BLM,True,5.5,21.251,60.793,-33.364,-45.195,0.503,0.212,0.116,1.135,1.596,0.0,"Natchez Pass Form.; limest., dolomite mafic"
33,40.30994,-117.23696,479865.0,4462185.0,1.0,BLM,False,35.0,13.884,34.943,-12.286,-40.329,0.61,0.217,0.122,1.156,1.583,0.0,Osobb Formation
34,40.4492,-119.2992,305025.0,4480155.0,1.0,BLM,False,91.9,11.463,29.464,-11.002,-66.597,0.361,0.173,0.126,1.121,1.589,0.0,"Auld Lang Syne Group; slate, phyll., hornf., qtzit"
35,40.53341,-118.82038,345825.0,4488555.0,1.0,BLM,False,59.7,18.226,55.013,-12.245,-46.071,0.587,0.217,0.139,1.115,1.452,0.0,"Auld Lang Syne Group; slate, phyll., hornf., qtzit"
36,40.62734,-118.5303,370575.0,4498515.0,1.0,BLM,False,37.5,12.586,39.333,-22.012,-38.745,0.032,0.159,0.128,1.138,1.442,70.0,within 300 m of mapped unit
37,38.44277,-118.26031,390015.0,4255695.0,1.0,BLM,True,16.2,20.069,59.063,-12.012,-42.332,0.588,0.152,0.128,1.123,1.536,0.0,"Luning form.; limestone, dolomite, shale"
38,40.20185,-118.11358,405225.0,4450755.0,1.0,BLM,True,9.0,12.753,40.887,-10.766,-34.953,0.549,0.168,0.118,1.134,1.475,0.0,"Natchez Pass Form.; limest., dolomite mafic"
39,38.53602,-118.04233,409155.0,4265805.0,1.0,BLM,True,6.5,13.012,34.803,-10.975,-39.527,0.466,0.162,0.121,1.11,1.509,0.0,"Luning form.; limestone, dolomite, shale"
40,39.7195,-117.84292,427755.0,4396965.0,1.0,BLM,False,30.9,16.189,45.114,-12.525,-54.814,-0.757,0.197,0.114,1.145,1.562,154.956,within 300 m of mapped unit
