rank,latitude,longitude,ml_probability,on_triassic,dist_to_triassic_m,formation_code,formation_name,rock_type,geo_bonus,composite_score,priority,elevation_m,slope_deg,aspect_deg,tri,tpi_15m,tpi_adj,composite_v2,rank_v2,rank_v1,rank_delta,tpi,v3_score,submodel,v3_rank
35,40.26527777696556,-117.47972222162376,0.79251772,False,4157,TRc,"Limestone, minor amounts of dolomite, shale, and sandstone; locally thick conglomerate units",limestone,0.05,0.8425,13,1479.3582763671875,10.057173728942871,172.0156707763672,10.909027099609375,-14.74853515625,0.1,0.9425,5,13,8,-2.76220703125,0.6888300052172459,north,1
2,40.90722222267727,-118.46444444490528,0.85232025,False,41459,TRc,"Limestone, minor amounts of dolomite, shale, and sandstone; locally thick conglomerate units",limestone,0.0,0.8523,9,1439.244384765625,10.256857872009277,182.51080322265625,12.400833129882812,0.89453125,0.0,0.8523,16,9,-7,-2.0902099609375,0.6598553026034201,north,2
15,40.40472222168528,-118.24388888911248,0.80045837,False,52,TRc,"Limestone, minor amounts of dolomite, shale, and sandstone; locally thick conglomerate units",limestone,0.2,1.0,1,1754.1416015625,22.32767105102539,213.54208374023438,26.0352783203125,125.2650146484375,-0.05,0.95,4,1,-3,18.2081298828125,0.6077302355764757,north,3
24,40.09555555440829,-117.2455555547052,0.79563963,False,7060,TRc,"Limestone, minor amounts of dolomite, shale, and sandstone; locally thick conglomerate units",limestone,0.0,0.7956,32,1537.760009765625,11.168522834777832,177.4915008544922,13.029327392578125,-22.9644775390625,0.1,0.8956,8,32,24,3.9185791015625,0.5949008728041186,north,4
50,40.406388888355245,-117.70555555520004,0.78864872,False,2194,TRc,"Limestone, minor amounts of dolomite, shale, and sandstone; locally thick conglomerate units",limestone,0.05,0.8386,16,1551.619140625,15.07251262664795,181.75851440429688,18.492874145507812,-2.7227783203125,0.0,0.8386,21,16,-5,0.86083984375,0.553001155319836,north,5
18,39.886111109550384,-118.9233333342878,0.79886627,False,73098,TRc,"Limestone, minor amounts of dolomite, shale, and sandstone; locally thick conglomerate units",limestone,0.0,0.7989,27,1415.1259765625,12.792007446289062,182.23870849609375,15.60028076171875,-2.10302734375,0.0,0.7989,30,27,-3,1.9603271484375,0.537850299747842,north,6
1,40.78722222244038,-117.45638888826534,0.85334641,False,13040,TRc,"Limestone, minor amounts of dolomite, shale, and sandstone; locally thick conglomerate units",limestone,0.0,0.8533,8,1426.7152099609375,9.321673393249512,184.9842529296875,10.520233154296875,-65.361328125,0.1,0.9533,3,8,5,-0.014404296875,0.5211173798428431,north,7
27,40.20916666574369,-117.58777777729556,0.7951619,False,992,TRc,"Limestone, minor amounts of dolomite, shale, and sandstone; locally thick conglomerate units",limestone,0.1,0.8952,2,1754.248779296875,23.28437042236328,166.8796844482422,27.94036865234375,-1.3453369140625,0.0,0.8952,10,2,-8,-1.0018310546875,0.5166671169896062,north,8
39,40.40111111056704,-117.2077777768868,0.79122305,False,2143,TRc,"Limestone, minor amounts of dolomite, shale, and sandstone; locally thick conglomerate units",limestone,0.05,0.8412,14,1688.31689453125,21.752952575683594,203.1517333984375,27.938095092773438,61.7457275390625,-0.05,0.7911999999999999,44,14,-30,1.0032958984375,0.5150851399460914,north,9
26,39.65472222020471,-117.85888888869832,0.79540676,False,28718,TRc,"Limestone, minor amounts of dolomite, shale, and sandstone; locally thick conglomerate units",limestone,0.0,0.7954,34,1683.421875,30.75369644165039,232.339599609375,36.390777587890625,-117.1907958984375,0.0,0.7954,38,34,-4,-3.083740234375,0.5039518110831852,north,10
28,40.55027777752818,-118.23250000021132,0.7946049,False,1361,TRc,"Limestone, minor amounts of dolomite, shale, and sandstone; locally thick conglomerate units",limestone,0.1,0.8946,3,1643.8843994140625,21.610734939575195,190.47996520996094,26.724365234375,6.3199462890625,-0.05,0.8445999999999999,17,3,-14,-6.956787109375,0.5005618497981208,north,11
11,40.77611111130734,-118.51138888940022,0.81180894,False,33005,TRc,"Limestone, minor amounts of dolomite, shale, and sandstone; locally thick conglomerate units",limestone,0.0,0.8118,22,1678.1845703125,9.537504196166992,180.3279571533203,11.060501098632812,9.2730712890625,0.0,0.8118,25,22,-3,1.1116943359375,0.49872423767779117,north,12
37,40.83972222254402,-117.72083333299425,0.79204267,False,1059,TRc,"Limestone, minor amounts of dolomite, shale, and sandstone; locally thick conglomerate units",limestone,0.1,0.892,5,1685.4256591796875,31.824947357177734,230.65951538085938,41.15162658691406,93.7452392578125,-0.05,0.842,19,5,-14,-3.988037109375,0.4982368574310497,north,13
48,39.696944442510286,-117.85222222202448,0.78882098,False,28188,TRc,"Limestone, minor amounts of dolomite, shale, and sandstone; locally thick conglomerate units",limestone,0.0,0.7888,49,1700.3968505859375,31.25442886352539,250.001220703125,35.19685363769531,-44.6683349609375,0.0,0.7888,51,49,-2,3.206298828125,0.47956027690644987,north,14
49,40.79583333356849,-117.4591666660461,0.78878969,False,14024,TRc,"Limestone, minor amounts of dolomite, shale, and sandstone; locally thick conglomerate units",limestone,0.0,0.7888,49,1742.633544921875,31.813339233398438,190.73252868652344,43.21659851074219,180.4559326171875,-0.05,0.7387999999999999,60,49,-11,4.16357421875,0.47151115995364085,north,15
30,40.73444444455841,-118.79111111192336,0.79397529,False,51578,TRc,"Limestone, minor amounts of dolomite, shale, and sandstone; locally thick conglomerate units",limestone,0.0,0.794,35,1637.0013427734375,19.923322677612305,264.45465087890625,18.360519409179688,66.98388671875,0.0,0.794,39,35,-4,-7.6348876953125,0.4595372388460418,north,16
17,40.11305555444284,-117.20249999910334,0.79911894,False,4801,TRc,"Limestone, minor amounts of dolomite, shale, and sandstone; locally thick conglomerate units",limestone,0.05,0.8491,10,1507.438720703125,6.771213054656982,174.66192626953125,8.356109619140625,-4.466552734375,0.05,0.8991,6,10,4,-3.092529296875,0.456826385000108,north,17
34,40.11305555444284,-117.20277777688142,0.79283285,False,4817,TRc,"Limestone, minor amounts of dolomite, shale, and sandstone; locally thick conglomerate units",limestone,0.05,0.8428,12,1507.438720703125,6.771213054656982,174.66192626953125,8.356109619140625,-5.564697265625,0.05,0.8928,12,12,0,-3.092529296875,0.456826385000108,north,18
29,40.751111111257984,-117.50916666609989,0.79402113,False,11544,TRc,"Limestone, minor amounts of dolomite, shale, and sandstone; locally thick conglomerate units",limestone,0.0,0.794,35,1671.9561767578125,25.484176635742188,192.1662139892578,30.582733154296875,66.98388671875,-0.05,0.744,56,35,-21,10.916259765625,0.4412108878895271,north,19
23,40.1391666656055,-117.47222222161572,0.79586679,False,3371,TRc,"Limestone, minor amounts of dolomite, shale, and sandstone; locally thick conglomerate units",limestone,0.05,0.8459,11,1636.3380126953125,27.651777267456055,254.10379028320312,33.090423583984375,39.7525634765625,-0.05,0.7958999999999999,35,11,-24,-5.6533203125,0.43920336917706443,north,20
41,40.74055555568159,-117.6313888884536,0.79059702,False,9897,TRc,"Limestone, minor amounts of dolomite, shale, and sandstone; locally thick conglomerate units",limestone,0.0,0.7906,43,1664.843017578125,29.006797790527344,181.20777893066406,33.660308837890625,-113.09228515625,0.1,0.8906,14,43,29,9.3946533203125,0.4261902240637068,north,21
38,39.728055553682815,-117.78694444417648,0.79169452,False,22199,TRc,"Limestone, minor amounts of dolomite, shale, and sandstone; locally thick conglomerate units",limestone,0.0,0.7917,41,1673.8466796875,25.884517669677734,237.12535095214844,33.76994323730469,-144.403076171875,0.0,0.7917,43,41,-2,7.3577880859375,0.42325233026774045,north,22
16,39.81638888719053,-118.15750000013064,0.79985476,False,29976,TRc,"Limestone, minor amounts of dolomite, shale, and sandstone; locally thick conglomerate units",limestone,0.0,0.7999,26,1691.91162109375,25.520675659179688,174.8668212890625,29.032501220703125,-117.78662109375,0.0,0.7999,29,26,-3,-6.3424072265625,0.41343166247643864,north,23
9,40.79527777801184,-117.45861111048995,0.8188923,False,13952,TRc,"Limestone, minor amounts of dolomite, shale, and sandstone; locally thick conglomerate units",limestone,0.0,0.8189,20,1690.1939697265625,32.75107955932617,181.4172821044922,42.641876220703125,152.431396484375,-0.05,0.7688999999999999,54,20,-34,2.3251953125,0.38820826984436374,north,24
7,40.795555555790166,-117.45944444382418,0.82949549,False,14000,TRc,"Limestone, minor amounts of dolomite, shale, and sandstone; locally thick conglomerate units",limestone,0.0,0.8295,18,1684.1517333984375,32.038692474365234,187.61233520507812,42.70741271972656,162.1624755859375,-0.05,0.7795,53,18,-35,-1.069580078125,0.3795856842068646,north,25
36,40.795555555790166,-117.4591666660461,0.79210216,False,13994,TRc,"Limestone, minor amounts of dolomite, shale, and sandstone; locally thick conglomerate units",limestone,0.0,0.7921,40,1684.1517333984375,32.038692474365234,187.61233520507812,42.70741271972656,164.1973876953125,-0.05,0.7421,58,40,-18,-1.069580078125,0.3795856842068646,north,26
19,40.79972222246506,-118.1402777778899,0.79732817,False,14464,TRc,"Limestone, minor amounts of dolomite, shale, and sandstone; locally thick conglomerate units",limestone,0.0,0.7973,28,1669.9371337890625,31.226097106933594,182.35899353027344,38.38780212402344,28.83837890625,-0.05,0.7473,55,28,-27,0.3829345703125,0.37123236150476385,north,27
45,38.25277777299269,-118.36638888924423,0.78978586,False,166378,TRc,"Limestone, minor amounts of dolomite, shale, and sandstone; locally thick conglomerate units",limestone,0.0,0.7898,45,1656.3126220703125,20.510066986083984,222.42062377929688,27.725006103515625,-38.1685791015625,0.0,0.7898,46,45,-1,-3.1632080078125,0.3426087488052826,south,28
43,40.822777778066126,-117.69694444407966,0.78989953,False,1309,TRc,"Limestone, minor amounts of dolomite, shale, and sandstone; locally thick conglomerate units",limestone,0.1,0.8899,6,1718.3453369140625,31.649141311645508,175.10963439941406,40.47509765625,-27.21435546875,0.1,0.9899,1,6,5,-6.646240234375,0.342134069681411,north,29
31,40.3719444438428,-117.57694444395058,0.7937991,False,6488,TRc,"Limestone, minor amounts of dolomite, shale, and sandstone; locally thick conglomerate units",limestone,0.0,0.7938,37,1703.130126953125,30.157400131225586,244.51654052734375,34.82218933105469,-117.9000244140625,0.1,0.8937999999999999,11,37,26,-11.292236328125,0.3313157475010661,north,30
40,40.37166666606448,-117.57694444395058,0.79112983,False,6462,TRc,"Limestone, minor amounts of dolomite, shale, and sandstone; locally thick conglomerate units",limestone,0.0,0.7911,42,1703.130126953125,30.157400131225586,244.51654052734375,34.82218933105469,-125.5848388671875,0.1,0.8911,13,42,29,-11.292236328125,0.3313157475010661,north,31
42,40.724722222317,-117.5219444438914,0.7904619,False,10438,TRc,"Limestone, minor amounts of dolomite, shale, and sandstone; locally thick conglomerate units",limestone,0.0,0.7905,44,1680.4892578125,24.228416442871094,342.6078186035156,27.323959350585938,61.0301513671875,-0.05,0.7404999999999999,59,44,-15,-10.3717041015625,0.30902594312642134,north,32
6,40.41888888837992,-117.70444444408771,0.83046496,False,3338,TRc,"Limestone, minor amounts of dolomite, shale, and sandstone; locally thick conglomerate units",limestone,0.05,0.8805,7,1566.2886962890625,6.728320598602295,160.69345092773438,9.155517578125,-15.5771484375,0.1,0.9805,2,7,5,7.281982421875,0.24331080825065562,north,33
12,38.70111110721108,-118.78805555636453,0.80561513,False,149610,TRc,"Limestone, minor amounts of dolomite, shale, and sandstone; locally thick conglomerate units",limestone,0.0,0.8056,23,1647.1856689453125,33.811973571777344,188.263427734375,48.591278076171875,83.6199951171875,0.0,0.8056,26,23,-3,-1.728271484375,0.20213511959332522,south,34
4,39.15916666367088,-118.86083333422056,0.83943707,False,124118,TRc,"Limestone, minor amounts of dolomite, shale, and sandstone; locally thick conglomerate units",limestone,0.0,0.8394,15,1528.432861328125,12.362524032592773,184.28907775878906,14.662322998046875,-14.1707763671875,0.0,0.8394,20,15,-5,-1.8616943359375,0.18518734490234035,south,35
14,39.15916666367088,-118.86055555644248,0.80088222,False,124101,TRc,"Limestone, minor amounts of dolomite, shale, and sandstone; locally thick conglomerate units",limestone,0.0,0.8009,25,1528.432861328125,12.362524032592773,184.28907775878906,14.662322998046875,-14.58154296875,0.0,0.8009,28,25,-3,-1.8616943359375,0.18518734490234035,south,36
3,40.434444443966186,-117.68666666629083,0.84231639,False,4781,TRc,"Limestone, minor amounts of dolomite, shale, and sandstone; locally thick conglomerate units",limestone,0.05,0.8923,4,1539.8145751953125,6.236759185791016,161.1311492919922,8.436248779296875,6.7947998046875,-0.05,0.8422999999999999,18,4,-14,3.3148193359375,0.17792680095206767,north,37
21,38.43222221779138,-118.56666666723748,0.79610622,False,159055,TRc,"Limestone, minor amounts of dolomite, shale, and sandstone; locally thick conglomerate units",limestone,0.0,0.7961,30,1681.663818359375,20.4337100982666,194.35391235351562,21.276168823242188,108.2032470703125,0.0,0.7961,33,30,-3,3.031982421875,0.15120565879819647,south,38
32,39.1827777748286,-118.53250000053404,0.79341787,False,99885,TRc,"Limestone, minor amounts of dolomite, shale, and sandstone; locally thick conglomerate units",limestone,0.0,0.7934,38,1698.989501953125,30.70819664001465,227.20677185058594,40.400482177734375,70.6500244140625,0.0,0.7934,41,38,-3,-0.29443359375,0.14242584897064173,south,39
5,38.458888884510685,-118.39972222261343,0.83049053,False,148217,TRc,"Limestone, minor amounts of dolomite, shale, and sandstone; locally thick conglomerate units",limestone,0.0,0.8305,17,1745.3056640625,10.654472351074219,182.15762329101562,12.457351684570312,-37.9306640625,0.0,0.8305,22,17,-5,0.6727294921875,0.13866028102227873,south,40
44,38.458888884510685,-118.39944444483535,0.78983712,False,148203,TRc,"Limestone, minor amounts of dolomite, shale, and sandstone; locally thick conglomerate units",limestone,0.0,0.7898,45,1745.3056640625,10.654472351074219,182.15762329101562,12.457351684570312,-38.1685791015625,0.0,0.7898,46,45,-1,0.6727294921875,0.13866028102227873,south,41
25,38.458888884510685,-118.40000000039151,0.79558283,False,148230,TRc,"Limestone, minor amounts of dolomite, shale, and sandstone; locally thick conglomerate units",limestone,0.0,0.7956,32,1745.3056640625,10.654472351074219,182.15762329101562,12.457351684570312,-37.7158203125,0.0,0.7956,36,32,-4,0.6727294921875,0.13866028102227873,south,42
20,39.18361110816358,-118.8083333341641,0.79725087,False,119056,TRc,"Limestone, minor amounts of dolomite, shale, and sandstone; locally thick conglomerate units",limestone,0.0,0.7973,28,1586.8958740234375,10.58890438079834,179.08895874023438,12.306427001953125,-31.963134765625,0.0,0.7973,31,28,-3,-4.2445068359375,0.13499220192346498,south,43
10,39.15916666367088,-118.86111111199864,0.81427044,False,124134,TRc,"Limestone, minor amounts of dolomite, shale, and sandstone; locally thick conglomerate units",limestone,0.0,0.8143,21,1526.2568359375,11.198378562927246,183.3146514892578,13.759674072265625,-13.7059326171875,0.0,0.8143,24,21,-3,-2.66650390625,0.10875838000825155,south,44
22,38.701388884989406,-118.79138888970142,0.79598647,False,149801,TRc,"Limestone, minor amounts of dolomite, shale, and sandstone; locally thick conglomerate units",limestone,0.0,0.796,31,1702.0216064453125,36.59035110473633,182.52720642089844,50.17939758300781,54.306884765625,0.0,0.796,34,31,-3,-0.3695068359375,0.09507178248293896,south,45
47,39.22138888601594,-118.3586111114581,0.78885204,False,84747,TRc,"Limestone, minor amounts of dolomite, shale, and sandstone; locally thick conglomerate units",limestone,0.0,0.7889,48,1707.5931396484375,16.086376190185547,205.51608276367188,32.953826904296875,86.1834716796875,0.0,0.7889,50,48,-2,25.63525390625,0.07747201751172414,south,46
46,38.57583332918599,-118.40527777817496,0.78896171,False,137859,TRc,"Limestone, minor amounts of dolomite, shale, and sandstone; locally thick conglomerate units",limestone,0.0,0.789,47,1706.9810791015625,30.319929122924805,233.6169891357422,43.040130615234375,93.465576171875,0.0,0.789,49,47,-2,9.7991943359375,0.07449636787980278,south,47
13,38.7247222183688,-118.9436111120874,0.80345458,False,158109,TRc,"Limestone, minor amounts of dolomite, shale, and sandstone; locally thick conglomerate units",limestone,0.0,0.8035,24,1548.7491455078125,5.744492530822754,195.43812561035156,7.4119720458984375,2.1385498046875,0.0,0.8035,27,24,-3,-3.4462890625,0.06519902557609027,south,48
8,39.02416666340438,-118.77055555634568,0.82007194,False,126554,TRc,"Limestone, minor amounts of dolomite, shale, and sandstone; locally thick conglomerate units",limestone,0.0,0.8201,19,1462.6265869140625,7.706803321838379,187.0895233154297,9.054046630859375,39.7261962890625,0.0,0.8201,23,19,-4,-3.05078125,0.05784770528852634,south,49
33,39.02388888562605,-118.771666667458,0.79313195,False,126652,TRc,"Limestone, minor amounts of dolomite, shale, and sandstone; locally thick conglomerate units",limestone,0.0,0.7931,39,1461.46337890625,9.191143989562988,188.03233337402344,10.333709716796875,37.9893798828125,0.0,0.7931,42,39,-3,-0.7039794921875,0.05397544251480372,south,50
